{
  "baseline": {
    "per_channel_db": [
      3.9773294290803642,
      4.863418319562913,
      3.485512067421013,
      3.744975119711441
    ],
    "average_db": 4.017808733943933
  },
  "yours": {
    "per_channel_db": [
      10.605916083778133,
      8.216557552493747,
      11.965482958274539,
      7.389331256395532
    ],
    "average_db": 9.544321962735488
  }
}